{"client_meta":{"background_color":{"r":0.9607843160629272,"g":0.9607843160629272,"b":0.9607843160629272,"a":1},"thumbnail_size":{"width":400,"height":171},"render_coordinates":{"x":400,"y":1807,"width":2399,"height":1024}},"file_name":"Untitled","developer_related_links":[]}